{"momentum":0.95,"_step":0,"_wandb":{"runtime":2007},"train loss":3.245077343949786,"train acc":0.05599654874892149,"val acc":0.12622720897615708,"_timestamp":1.7347035053070014e+09,"lr":0.0003999999999999993,"_runtime":1124.3932915,"val loss":3.1861966699570794}