{"precision":0.6430173582656371,"f1":0.6088334730122315,"train_acc":0.44131267092069276,"val_loss":1.7685136215494572,"val_acc":0.6007821901323707,"_timestamp":1.736712678235978e+09,"_step":18,"train_loss":2.1798191413514267,"_runtime":3778.742118,"_wandb":{"runtime":3778},"test_acc":0.6087872404453807,"recall":0.6087872404453807}