{"_runtime":367.0601148,"_wandb":{"runtime":653},"_step":0,"train acc":0.09999999999999999,"train loss":3.1588631265836096,"val acc":0.20546984572230015,"val loss":2.933195280326533,"_timestamp":1.7348069288811364e+09}