{"f1":0.8351052467050086,"val_acc":0.8231046931407943,"precision":0.8420183570128645,"_step":50,"train_loss":1.174514045945709,"recall":0.8350887752031297,"_wandb":{"runtime":29968},"val_loss":0.7992325874155323,"test_acc":0.8350887752031297,"train_acc":0.6746034639927073,"_timestamp":1.7355218689351144e+09,"_runtime":29968.9851833}