{"recall":0.7614356087262492,"val_acc":0.7482468443197756,"train_acc":0.636669542709232,"val_loss":1.0247569955247984,"_wandb":{"runtime":9046},"precision":0.7737790184463803,"f1":0.7612766720835822,"_runtime":9046.3248886,"_step":30,"train_loss":1.3400438239494206,"test_acc":0.7614356087262492,"_timestamp":1.7348637703084831e+09}