{"val acc":0.13394109396914447,"_wandb":{"runtime":2595},"_step":0,"train acc":0.05987920621225194,"momentum":0.95,"lr":0.0003999999999999993,"train loss":3.236193436564198,"_timestamp":1.734701436745822e+09,"val loss":3.156577743955615,"_runtime":1722.6732858}