{"train_acc":0.7380500431406385,"val_acc":0.7762973352033661,"_timestamp":1.7348256328067632e+09,"_step":50,"val_loss":0.9823458371958258,"_runtime":17922.2722488,"recall":0.7776213933849402,"test_acc":0.7776213933849402,"train_loss":0.9456912908294882,"precision":0.7899767981008745,"f1":0.7787449628619489,"_wandb":{"runtime":17922}}