{"f1":0.5872103382984522,"_runtime":2361.9478607,"recall":0.59043033403551,"train_acc":0.42789425706472195,"precision":0.6289963839620681,"_timestamp":1.736426498629568e+09,"_wandb":{"runtime":2361},"_step":11,"val_loss":1.8060442757233528,"test_acc":0.5904303340355102,"train_loss":2.2140036494099453,"val_acc":0.5971720818291215}