{"_step":0,"train acc":0.30319240724762725,"train loss":2.7043686628547388,"val acc":0.5,"val loss":2.18962761897693,"_timestamp":1.734649801376663e+09,"_runtime":1022.6633899,"_wandb":{"runtime":1572}}