{"recall":0.6861365235749473,"_timestamp":1.7348334689742312e+09,"val_loss":3.8666187332522486,"f1":0.6854781424849887,"learning_rate":0.04700827984029814,"_step":1281,"test_acc":0.6861365235749473,"train_acc":0.4603968938740293,"train_loss":4.595246976074008,"precision":0.7268086621756267,"val_acc":0.47755960729312763,"_wandb":{"runtime":2757},"_runtime":2757.9020835}