{"_step":2,"_runtime":3332.5811092,"train loss":3.0547322447285556,"train acc":0.21285591026747197,"lr":0.000815281522445933,"momentum":0.9456741508078548,"val loss":2.928678612555227,"_wandb":{"runtime":3595},"_timestamp":1.734713528829012e+09,"val acc":0.31136044880785413}