{"_step":2,"val acc":0.33520336605890605,"_wandb":{"runtime":5746},"_runtime":4714.3724763,"momentum":0.9456741508078548,"_timestamp":1.7347091334267588e+09,"val loss":2.949788289183821,"lr":0.000815281522445933,"train acc":0.21207937877480587,"train loss":3.058728910047911}