{"train loss":3.2681055112168953,"_wandb":{"runtime":1330},"momentum":0.95,"val acc":0.04838709677419355,"train acc":0.040465918895599653,"lr":3.9999999999999996e-05,"val loss":3.250283407797151,"_timestamp":1.7346955565902953e+09,"_step":0,"_runtime":995.6265914}