{"train acc":0.35918895599654876,"_timestamp":1.7346934171138892e+09,"val loss":1.998987640605568,"_runtime":2179.5593621,"_wandb":{"runtime":3236},"lr":0.010442303618405438,"val acc":0.514726507713885,"momentum":0.9432892670641609,"_step":1,"train loss":2.4363463935819136}