{"_wandb":{"runtime":43},"_timestamp":1.7348306621408668e+09,"_runtime":42.8428729,"_step":15,"train_loss":2.615813970565796,"train_acc":0.25,"learning_rate":0.0040081420094631726}