{"_runtime":2029.4069201,"train acc":0.05116479723899914,"_step":1,"momentum":0.9432892670641609,"_timestamp":1.7346989960199704e+09,"train loss":3.248361675033701,"_wandb":{"runtime":2708},"lr":0.00010442303618405431,"val acc":0.07012622720897616,"val loss":3.230114107546599}