{"f1":0.8213120526965595,"test_acc":0.8200421306048752,"train_acc":0.6330355515041021,"_timestamp":1.7363418815015864e+09,"train_loss":1.1867759522244186,"precision":0.8266208994877204,"val_acc":0.7722623345367028,"recall":0.8200421306048751,"_runtime":5062.924476,"_wandb":{"runtime":5062},"val_loss":0.7052746925113004,"_step":25}