{"train loss":3.2687398953310263,"_timestamp":1.7346969238464937e+09,"train acc":0.042364106988783436,"_step":0,"lr":3.9999999999999996e-05,"momentum":0.95,"val loss":3.2504368614180725,"_wandb":{"runtime":1034},"val acc":0.04488078541374474,"_runtime":1013.4099262}