{"_runtime":334.7279563,"_wandb":{"runtime":486},"_step":0,"train_loss":3.3447683745771775,"train_acc":0.06410698878343399,"val_loss":3.009557351156505,"val_acc":0.19565217391304346,"_timestamp":1.7348545139037397e+09}